,views
2015-07-01,264.542787
2015-07-02,270.34005
2015-07-03,253.265588
2015-07-04,253.088829
2015-07-05,266.057125
2015-07-06,295.232447
2015-07-07,284.852934
2015-07-08,284.349313
2015-07-09,287.886577
2015-07-10,272.928819
2015-07-11,256.332749
2015-07-12,277.496269
2015-07-13,291.507231
2015-07-14,285.62343
2015-07-15,279.702749
2015-07-16,275.494706
2015-07-17,265.363827
2015-07-18,254.878046
2015-07-19,274.995432
2015-07-20,291.594028
2015-07-21,279.927644
2015-07-22,278.059086
2015-07-23,276.560959
2015-07-24,265.616838
2015-07-25,259.88008
2015-07-26,273.793015
2015-07-27,278.78118
2015-07-28,286.076545
2015-07-29,298.396278
2015-07-30,270.553655
2015-07-31,264.423447
2015-08-01,254.031394
2015-08-02,260.589061
2015-08-03,244.65425
2015-08-04,270.049948
2015-08-05,268.89609
2015-08-06,266.350532
2015-08-07,266.093608
2015-08-08,252.998454
2015-08-09,274.011785
2015-08-10,271.645974
2015-08-11,281.510157
2015-08-12,275.514918
2015-08-13,273.490639
2015-08-14,266.64877
2015-08-15,255.128973
2015-08-16,277.794226
2015-08-17,289.032998
2015-08-18,282.907632
2015-08-19,277.939741
2015-08-20,277.204958
2015-08-21,268.864807
2015-08-22,258.078689
2015-08-23,282.519959
2015-08-24,288.348355
2015-08-25,286.828095
2015-08-26,283.092256
2015-08-27,272.073171
2015-08-28,264.922452
2015-08-29,255.909267
2015-08-30,271.658445
2015-08-31,286.969369
2015-09-01,277.175388
2015-09-02,283.209905
2015-09-03,287.34736
2015-09-04,272.337139
2015-09-05,268.422518
2015-09-06,292.25404
2015-09-07,306.425772
2015-09-08,316.571838
2015-09-09,294.412148
2015-09-10,280.450803
2015-09-11,284.32716
2015-09-12,273.942201
2015-09-13,292.669881
2015-09-14,295.846688
2015-09-15,293.56954
2015-09-16,297.021744
2015-09-17,297.512694
2015-09-18,278.388148
2015-09-19,263.015347
2015-09-20,288.762738
2015-09-21,304.978344
2015-09-22,299.851614
2015-09-23,301.224672
2015-09-24,294.673691
2015-09-25,278.297634
2015-09-26,261.605562
2015-09-27,285.083276
2015-09-28,296.466615
2015-09-29,291.466986
2015-09-30,287.618502
2015-10-01,271.921429
2015-10-02,270.151607
2015-10-03,258.751742
2015-10-04,284.354777
2015-10-05,296.780121
2015-10-06,310.252624
2015-10-07,300.292763
2015-10-08,284.003731
2015-10-09,276.296587
2015-10-10,264.495197
2015-10-11,275.900559
2015-10-12,298.693418
2015-10-13,302.324049
2015-10-14,304.437248
2015-10-15,299.056485
2015-10-16,275.790456
2015-10-17,264.802774
2015-10-18,286.584148
2015-10-19,299.890968
2015-10-20,304.620198
2015-10-21,298.490393
2015-10-22,300.193471
2015-10-23,282.999326
2015-10-24,264.310245
2015-10-25,283.35829
2015-10-26,298.041553
2015-10-27,299.05218
2015-10-28,292.374069
2015-10-29,293.789339
2015-10-30,275.004936
2015-10-31,258.645698
2015-11-01,273.714443
2015-11-02,298.299826
2015-11-03,304.650107
2015-11-04,300.623659
2015-11-05,293.789433
2015-11-06,287.455738
2015-11-07,265.579957
2015-11-08,289.463195
2015-11-09,305.334063
2015-11-10,301.091414
2015-11-11,289.213009
2015-11-12,294.806142
2015-11-13,272.254661
2015-11-14,258.59023
2015-11-15,290.75342
2015-11-16,302.159782
2015-11-17,285.84019
2015-11-18,285.742685
2015-11-19,290.707407
2015-11-20,279.494821
2015-11-21,265.257365
2015-11-22,287.187064
2015-11-23,296.73843
2015-11-24,291.015849
2015-11-25,277.74609
2015-11-26,273.56235
2015-11-27,265.316343
2015-11-28,270.001193
2015-11-29,286.31683
2015-11-30,299.239042
2015-12-01,292.104694
2015-12-02,291.268249
2015-12-03,284.829416
2015-12-04,280.25997
2015-12-05,261.321725
2015-12-06,284.166132
2015-12-07,305.591702
2015-12-08,298.981602
2015-12-09,294.528943
2015-12-10,288.164319
2015-12-11,283.18471
2015-12-12,259.204185
2015-12-13,288.988287
2015-12-14,303.919804
2015-12-15,292.996869
2015-12-16,280.420003
2015-12-17,273.632771
2015-12-18,265.359978
2015-12-19,256.322232
2015-12-20,271.949861
2015-12-21,284.654893
2015-12-22,272.056474
2015-12-23,261.159653
2015-12-24,248.994671
2015-12-25,236.567068
2015-12-26,263.403143
2015-12-27,272.364078
2015-12-28,283.363984
2015-12-29,288.157183
2015-12-30,279.005583
2015-12-31,260.395335
2016-01-01,269.391451
2016-01-02,292.923392
2016-01-03,299.49883
2016-01-04,305.898529
2016-01-05,300.297408
2016-01-06,300.678115
2016-01-07,304.713202
2016-01-08,288.970291
2016-01-09,284.898212
2016-01-10,308.79835
2016-01-11,342.803013
2016-01-12,317.057092
2016-01-13,308.944119
2016-01-14,304.444113
2016-01-15,288.739213
2016-01-16,277.562846
2016-01-17,299.010122
2016-01-18,312.077869
2016-01-19,310.6942
2016-01-20,302.330524
2016-01-21,299.256217
2016-01-22,293.855444
2016-01-23,284.11897
2016-01-24,308.509566
2016-01-25,319.189451
2016-01-26,306.248542
2016-01-27,311.78447
2016-01-28,305.429396
2016-01-29,292.860734
2016-01-30,280.442928
2016-01-31,309.442984
2016-02-01,318.417718
2016-02-02,308.080448
2016-02-03,306.236069
2016-02-04,298.205006
2016-02-05,288.291145
2016-02-06,278.458366
2016-02-07,294.443092
2016-02-08,311.012416
2016-02-09,296.445525
2016-02-10,302.206168
2016-02-11,296.033934
2016-02-12,285.452176
2016-02-13,276.360346
2016-02-14,293.033873
2016-02-15,308.73302
2016-02-16,315.589993
2016-02-17,304.432889
2016-02-18,300.731186
2016-02-19,293.042021
2016-02-20,278.730865
2016-02-21,303.452594
2016-02-22,318.861105
2016-02-23,310.597947
2016-02-24,303.788833
2016-02-25,301.885891
2016-02-26,284.928877
2016-02-27,274.840608
2016-02-28,296.177152
2016-02-29,335.898111
2016-03-01,306.614522
2016-03-02,297.710332
2016-03-03,302.308982
2016-03-04,291.98297
2016-03-05,280.143829
2016-03-06,301.260781
2016-03-07,308.006355
2016-03-08,292.561928
2016-03-09,291.232693
2016-03-10,278.003413
2016-03-11,267.230734
2016-03-12,259.953471
2016-03-13,279.198265
2016-03-14,292.208558
2016-03-15,285.460298
2016-03-16,286.286397
2016-03-17,289.867214
2016-03-18,267.411157
2016-03-19,256.882572
2016-03-20,276.341092
2016-03-21,289.192286
2016-03-22,276.628993
2016-03-23,274.128787
2016-03-24,275.701143
2016-03-25,270.870821
2016-03-26,265.077454
2016-03-27,282.050904
2016-03-28,297.127542
2016-03-29,293.126836
2016-03-30,287.588313
2016-03-31,280.453014
2016-04-01,282.040486
2016-04-02,327.251629
2016-04-03,359.114588
2016-04-04,345.016011
2016-04-05,353.30768
2016-04-06,355.058066
2016-04-07,288.426116
2016-04-08,281.833846
2016-04-09,271.472693
2016-04-10,288.902872
2016-04-11,301.643469
2016-04-12,293.714454
2016-04-13,295.643348
2016-04-14,294.916381
2016-04-15,274.987232
2016-04-16,259.28445
2016-04-17,280.435583
2016-04-18,301.547803
2016-04-19,294.577437
2016-04-20,293.295773
2016-04-21,304.883241
2016-04-22,292.187203
2016-04-23,274.347732
2016-04-24,293.429524
2016-04-25,305.126383
2016-04-26,292.830009
2016-04-27,293.148892
2016-04-28,291.544151
2016-04-29,278.73347
2016-04-30,264.208051
2016-05-01,277.225161
2016-05-02,298.173849
2016-05-03,296.286403
2016-05-04,293.119439
2016-05-05,285.947932
2016-05-06,284.471514
2016-05-07,272.564834
2016-05-08,286.315126
2016-05-09,300.055738
2016-05-10,303.983209
2016-05-11,297.359556
2016-05-12,284.445901
2016-05-13,275.228338
2016-05-14,262.282628
2016-05-15,283.663874
2016-05-16,298.081584
2016-05-17,293.516517
2016-05-18,294.611751
2016-05-19,287.091725
2016-05-20,271.528013
2016-05-21,273.177179
2016-05-22,285.141119
2016-05-23,299.693369
2016-05-24,286.769362
2016-05-25,279.235051
2016-05-26,278.106707
2016-05-27,263.288391
2016-05-28,255.74468
2016-05-29,267.013358
2016-05-30,285.710639
2016-05-31,296.512746
2016-06-01,294.960291
2016-06-02,280.555037
2016-06-03,277.885657
2016-06-04,277.640046
2016-06-05,288.203108
2016-06-06,291.435633
2016-06-07,285.370772
2016-06-08,279.460994
2016-06-09,278.066605
2016-06-10,271.873949
2016-06-11,268.153389
2016-06-12,292.320982
2016-06-13,300.554451
2016-06-14,295.49847
2016-06-15,291.110078
2016-06-16,279.319712
2016-06-17,265.692508
2016-06-18,262.121521
2016-06-19,274.139953
2016-06-20,294.885696
2016-06-21,286.765176
2016-06-22,280.922053
2016-06-23,283.084054
2016-06-24,273.171252
2016-06-25,269.655254
2016-06-26,274.074308
2016-06-27,287.383271
2016-06-28,293.224462
2016-06-29,287.318574
2016-06-30,284.919539
2016-07-01,278.539304
2016-07-02,263.780261
2016-07-03,269.670292
2016-07-04,287.008036
2016-07-05,288.716991
2016-07-06,294.31711
2016-07-07,277.77996
2016-07-08,259.449522
2016-07-09,264.74222
2016-07-10,284.542217
2016-07-11,289.368193
2016-07-12,286.603707
2016-07-13,275.00358
2016-07-14,270.313094
2016-07-15,263.881614
2016-07-16,261.979848
2016-07-17,268.093896
2016-07-18,280.404156
2016-07-19,282.429274
2016-07-20,292.991824
2016-07-21,306.587526
2016-07-22,311.051676
2016-07-23,305.499818
2016-07-24,319.530649
2016-07-25,329.881309
2016-07-26,337.267802
2016-07-27,328.790943
2016-07-28,325.162591
2016-07-29,322.73303
2016-07-30,316.203193
2016-07-31,321.219877
2016-08-01,332.73655
2016-08-02,323.190992
2016-08-03,306.43444
2016-08-04,296.70731
2016-08-05,297.56861
2016-08-06,310.393754
2016-08-07,317.85228
2016-08-08,341.344116
2016-08-09,325.592474
2016-08-10,326.466019
2016-08-11,320.306951
2016-08-12,311.379554
2016-08-13,309.450745
2016-08-14,317.17336
2016-08-15,333.059769
2016-08-16,311.183087
2016-08-17,276.748171
2016-08-18,279.82941
2016-08-19,282.441865
2016-08-20,285.877197
2016-08-21,310.732764
2016-08-22,310.493445
2016-08-23,314.282469
2016-08-24,298.236009
2016-08-25,299.722758
2016-08-26,293.096971
2016-08-27,292.16261
2016-08-28,296.352369
2016-08-29,316.610514
2016-08-30,312.374286
2016-08-31,311.862414
2016-09-01,307.751547
2016-09-02,299.11375
2016-09-03,301.475108
2016-09-04,302.680649
2016-09-05,314.968361
2016-09-06,311.511253
2016-09-07,298.80216
2016-09-08,296.375833
2016-09-09,281.806742
2016-09-10,293.693037
2016-09-11,295.615576
2016-09-12,299.950073
2016-09-13,304.246379
2016-09-14,300.333932
2016-09-15,306.372919
2016-09-16,282.583407
2016-09-17,283.505495
2016-09-18,294.678528
2016-09-19,313.522703
2016-09-20,300.276104
2016-09-21,293.859673
2016-09-22,305.020844
2016-09-23,286.974592
2016-09-24,277.538887
2016-09-25,289.243454
2016-09-26,309.692228
2016-09-27,292.756096
2016-09-28,297.762549
2016-09-29,290.296266
2016-09-30,275.852043
2016-10-01,281.004766
2016-10-02,288.024846
2016-10-03,302.955699
2016-10-04,302.143319
2016-10-05,316.531125
2016-10-06,297.594322
2016-10-07,275.406527
2016-10-08,282.093396
2016-10-09,295.832458
2016-10-10,302.132734
2016-10-11,293.358107
2016-10-12,299.905441
2016-10-13,303.238757
2016-10-14,289.536718
2016-10-15,301.456482
2016-10-16,304.355472
2016-10-17,316.854588
2016-10-18,309.848011
2016-10-19,306.024911
2016-10-20,300.65936
2016-10-21,288.191509
2016-10-22,286.814416
2016-10-23,294.803409
2016-10-24,307.835987
2016-10-25,301.641351
2016-10-26,295.192107
2016-10-27,290.109926
2016-10-28,276.22942
2016-10-29,276.717914
2016-10-30,290.086464
2016-10-31,304.540996
2016-11-01,304.16238
2016-11-02,309.991971
2016-11-03,310.1939
2016-11-04,296.850241
2016-11-05,298.44043
2016-11-06,309.671371
2016-11-07,322.003851
2016-11-08,314.668764
2016-11-09,319.181682
2016-11-10,317.533426
2016-11-11,299.722968
2016-11-12,304.516589
2016-11-13,320.449812
2016-11-14,334.242978
2016-11-15,319.264321
2016-11-16,320.731243
2016-11-17,312.248391
2016-11-18,300.828556
2016-11-19,293.894235
2016-11-20,304.306683
2016-11-21,322.021403
2016-11-22,311.639838
2016-11-23,298.470939
2016-11-24,285.953425
2016-11-25,281.117706
2016-11-26,305.011924
2016-11-27,312.239978
2016-11-28,323.810175
2016-11-29,323.928733
2016-11-30,315.476864
2016-12-01,302.905919
2016-12-02,293.523554
2016-12-03,300.150494
2016-12-04,312.273986
2016-12-05,323.181452
2016-12-06,319.508879
2016-12-07,313.134579
2016-12-08,312.049477
2016-12-09,298.311066
2016-12-10,295.956547
2016-12-11,298.175834
2016-12-12,314.966986
2016-12-13,303.699315
2016-12-14,299.950925
2016-12-15,288.211775
2016-12-16,278.684724
2016-12-17,280.859248
2016-12-18,299.581115
2016-12-19,314.171944
2016-12-20,303.339834
2016-12-21,294.952566
2016-12-22,287.317902
2016-12-23,270.495421
2016-12-24,285.248184
2016-12-25,277.675333
2016-12-26,304.05166
2016-12-27,323.975916
2016-12-28,316.691645
2016-12-29,323.811202
2016-12-30,300.064418
2016-12-31,294.172784
2017-01-01,313.899249
2017-01-02,342.445276
2017-01-03,328.45121
2017-01-04,319.421029
2017-01-05,323.265393
2017-01-06,309.547092
2017-01-07,322.272812
2017-01-08,334.474541
2017-01-09,339.857378
2017-01-10,325.241603
2017-01-11,310.366256
2017-01-12,309.23896
2017-01-13,307.243907
2017-01-14,313.300905
2017-01-15,327.877576
2017-01-16,335.703843
2017-01-17,327.105534
2017-01-18,321.178167
2017-01-19,323.226979
2017-01-20,315.381852
2017-01-21,317.64054
2017-01-22,339.147168
2017-01-23,344.629853
2017-01-24,326.699815
2017-01-25,321.519059
2017-01-26,328.212517
2017-01-27,306.663877
2017-01-28,316.349568
2017-01-29,327.6173
2017-01-30,339.322513
2017-01-31,323.33759
2017-02-01,317.257308
2017-02-02,309.810476
2017-02-03,301.955141
2017-02-04,307.58251
2017-02-05,324.352365
2017-02-06,337.914936
2017-02-07,325.777426
2017-02-08,318.85013
2017-02-09,314.239556
2017-02-10,299.472386
2017-02-11,305.87169
2017-02-12,329.288102
2017-02-13,338.119966
2017-02-14,312.885661
2017-02-15,317.431197
2017-02-16,317.485683
2017-02-17,300.530733
2017-02-18,309.700283
2017-02-19,322.269282
2017-02-20,340.002287
2017-02-21,328.659343
2017-02-22,323.454127
2017-02-23,312.012755
2017-02-24,298.734494
2017-02-25,310.715397
2017-02-26,333.700818
2017-02-27,350.090498
2017-02-28,329.654813
2017-03-01,318.117475
2017-03-02,317.752335
2017-03-03,301.010721
2017-03-04,299.088424
2017-03-05,313.917501
2017-03-06,323.495458
2017-03-07,324.484185
2017-03-08,317.200119
2017-03-09,318.242556
2017-03-10,305.576347
2017-03-11,306.951523
2017-03-12,327.825052
2017-03-13,322.859153
2017-03-14,322.884789
2017-03-15,318.522322
2017-03-16,309.674301
2017-03-17,305.794468
2017-03-18,317.129681
2017-03-19,320.244654
2017-03-20,327.108148
2017-03-21,333.723422
2017-03-22,323.796635
2017-03-23,313.664108
2017-03-24,295.620823
2017-03-25,296.582139
2017-03-26,305.796026
2017-03-27,310.906135
2017-03-28,313.065349
2017-03-29,310.2771
2017-03-30,302.376819
2017-03-31,292.306961
2017-04-01,290.560261
2017-04-02,298.239834
2017-04-03,316.934975
2017-04-04,316.271484
2017-04-05,311.110855
2017-04-06,335.352446
2017-04-07,333.393028
2017-04-08,301.349441
2017-04-09,337.329757
2017-04-10,349.059507
2017-04-11,344.030216
2017-04-12,356.816386
2017-04-13,340.606561
2017-04-14,306.119594
2017-04-15,322.42438
2017-04-16,324.700933
2017-04-17,348.871949
2017-04-18,335.282273
2017-04-19,335.48373
2017-04-20,329.529403
2017-04-21,305.505004
2017-04-22,305.705686
2017-04-23,322.993075
2017-04-24,346.709919
2017-04-25,308.628707
2017-04-26,304.019702
2017-04-27,305.834794
2017-04-28,292.26183
2017-04-29,294.905261
2017-04-30,308.992345
2017-05-01,326.418182
2017-05-02,316.030533
2017-05-03,312.66011
2017-05-04,305.095614
2017-05-05,295.350148
2017-05-06,303.201032
2017-05-07,308.171115
2017-05-08,320.906771
2017-05-09,311.759982
2017-05-10,307.592257
2017-05-11,311.630618
2017-05-12,294.69757
2017-05-13,293.107184
2017-05-14,296.392326
2017-05-15,319.88648
2017-05-16,312.294084
2017-05-17,313.522516
2017-05-18,315.059793
2017-05-19,301.07028
2017-05-20,302.476054
2017-05-21,303.022912
2017-05-22,351.586519
2017-05-23,323.414361
2017-05-24,304.605372
2017-05-25,298.104452
2017-05-26,281.195186
2017-05-27,279.221044
2017-05-28,289.438446
2017-05-29,310.742133
2017-05-30,303.38948
2017-05-31,329.72126
2017-06-01,298.893201
2017-06-02,275.492081
2017-06-03,284.76354
2017-06-04,294.051458
2017-06-05,309.820046
2017-06-06,301.370607
2017-06-07,295.415465
2017-06-08,302.730717
2017-06-09,295.70466
2017-06-10,296.401686
2017-06-11,301.086676
2017-06-12,302.913804
2017-06-13,287.810895
2017-06-14,265.501863
2017-06-15,260.184541
2017-06-16,256.303845
2017-06-17,253.149027
2017-06-18,263.504749
2017-06-19,278.887486
2017-06-20,274.732906
2017-06-21,278.604928
2017-06-22,263.562533
2017-06-23,256.390561
2017-06-24,248.335446
2017-06-25,259.702801
2017-06-26,269.782381
2017-06-27,267.178847
2017-06-28,271.371208
2017-06-29,269.955135
2017-06-30,255.152893
2017-07-01,251.113551
2017-07-02,262.759066
2017-07-03,276.752749
2017-07-04,276.125733
2017-07-05,274.928027
2017-07-06,272.902694
2017-07-07,263.677095
2017-07-08,259.629246
2017-07-09,269.660149
2017-07-10,286.394398
2017-07-11,280.352973
2017-07-12,277.498898
2017-07-13,275.330196
2017-07-14,263.506947
2017-07-15,259.565043
2017-07-16,273.444832
2017-07-17,282.921555
2017-07-18,274.251071
2017-07-19,268.25762
2017-07-20,268.135952
2017-07-21,263.364412
2017-07-22,257.689887
2017-07-23,275.721851
2017-07-24,283.730949
2017-07-25,279.221877
2017-07-26,283.09467
2017-07-27,268.777584
2017-07-28,261.121331
2017-07-29,253.334814
2017-07-30,268.179748
2017-07-31,276.207251
2017-08-01,271.014717
2017-08-02,271.124566
2017-08-03,265.175395
2017-08-04,254.277386
2017-08-05,248.469563
2017-08-06,266.6851
2017-08-07,277.401388
2017-08-08,275.279647
2017-08-09,272.586388
2017-08-10,267.093959
2017-08-11,259.785253
2017-08-12,255.146117
2017-08-13,277.088196
2017-08-14,284.181085
2017-08-15,275.748423
2017-08-16,271.87067
2017-08-17,265.175804
2017-08-18,258.461102
2017-08-19,248.534933
2017-08-20,268.556355
2017-08-21,276.354483
2017-08-22,269.698252
2017-08-23,267.175371
2017-08-24,263.823981
2017-08-25,258.193407
2017-08-26,249.883478
2017-08-27,265.9749
2017-08-28,278.552787
2017-08-29,279.329759
2017-08-30,278.47407
2017-08-31,275.537711
2017-09-01,272.53558
2017-09-02,267.377115
2017-09-03,304.274194
2017-09-04,311.914361
2017-09-05,301.886636
2017-09-06,294.794049
2017-09-07,321.432958
2017-09-08,268.786601
2017-09-09,254.016506
2017-09-10,273.12789
2017-09-11,279.97152
2017-09-12,276.833327
2017-09-13,272.077768
2017-09-14,274.727175
2017-09-15,269.033086
2017-09-16,257.156505
2017-09-17,274.795196
2017-09-18,293.044703
2017-09-19,283.979011
2017-09-20,276.374458
2017-09-21,275.517298
2017-09-22,262.087403
2017-09-23,251.834644
2017-09-24,267.269173
2017-09-25,281.375756
2017-09-26,278.308925
2017-09-27,281.623406
2017-09-28,283.794577
2017-09-29,265.088833
2017-09-30,255.469601
2017-10-01,277.446607
2017-10-02,296.611869
2017-10-03,297.192785
2017-10-04,286.898607
2017-10-05,281.575277
2017-10-06,263.30461
2017-10-07,258.675656
2017-10-08,277.189402
2017-10-09,295.484472
2017-10-10,290.727561
2017-10-11,284.981252
2017-10-12,277.200931
2017-10-13,275.106009
2017-10-14,282.176416
2017-10-15,307.467332
2017-10-16,321.32699
2017-10-17,313.099256
2017-10-18,299.337864
2017-10-19,296.299898
2017-10-20,300.642295
2017-10-21,287.816629
2017-10-22,308.529531
2017-10-23,321.685775
2017-10-24,329.737695
2017-10-25,317.105794
2017-10-26,306.095478
2017-10-27,292.647205
2017-10-28,280.981203
2017-10-29,298.809018
2017-10-30,310.058854
2017-10-31,299.885209
2017-11-01,302.67917
2017-11-02,317.271538
2017-11-03,293.349721
2017-11-04,286.736767
2017-11-05,308.346539
2017-11-06,316.772993
2017-11-07,315.036162
2017-11-08,316.660831
2017-11-09,314.554353
2017-11-10,290.989184
2017-11-11,286.684524
2017-11-12,303.166707
2017-11-13,318.54754
2017-11-14,311.702382
2017-11-15,307.702139
2017-11-16,307.196334
2017-11-17,288.657696
2017-11-18,286.13364
2017-11-19,303.793246
2017-11-20,322.258319
2017-11-21,308.175733
2017-11-22,304.169591
2017-11-23,288.811513
2017-11-24,280.125634
2017-11-25,287.261736
2017-11-26,309.83562
2017-11-27,327.873477
2017-11-28,317.281495
2017-11-29,311.010091
2017-11-30,305.6188
2017-12-01,299.009843
2017-12-02,284.413689
2017-12-03,300.552426
2017-12-04,322.83543
2017-12-05,326.917154
2017-12-06,313.805461
2017-12-07,319.139701
2017-12-08,303.621912
2017-12-09,292.81246
2017-12-10,308.208572
2017-12-11,321.674009
2017-12-12,310.462489
2017-12-13,306.745755
2017-12-14,300.18737
2017-12-15,286.830282
2017-12-16,280.843025
2017-12-17,294.029292
2017-12-18,308.877711
2017-12-19,290.817648
2017-12-20,284.66354
2017-12-21,283.311446
2017-12-22,270.616379
2017-12-23,270.77392
2017-12-24,271.574693
2017-12-25,274.651388
2017-12-26,293.377305
2017-12-27,304.353445
2017-12-28,312.08367
2017-12-29,300.196639
2017-12-30,294.250079
2017-12-31,287.93791
2018-01-01,302.82833
2018-01-02,319.485738
2018-01-03,322.019675
2018-01-04,314.645741
2018-01-05,310.155899
2018-01-06,316.702185
2018-01-07,324.18675
2018-01-08,335.431026
2018-01-09,321.991203
2018-01-10,318.603157
2018-01-11,327.306183
2018-01-12,308.518899
2018-01-13,314.518803
2018-01-14,341.467997
2018-01-15,346.801956
2018-01-16,332.404256
2018-01-17,329.626172
2018-01-18,346.227443
2018-01-19,316.299327
2018-01-20,303.292818
2018-01-21,326.682372
2018-01-22,341.515484
2018-01-23,329.910617
2018-01-24,321.322164
2018-01-25,316.707019
2018-01-26,310.96488
2018-01-27,308.760934
2018-01-28,325.955174
2018-01-29,337.205984
2018-01-30,323.091074
2018-01-31,320.642885
2018-02-01,312.643557
2018-02-02,303.181377
2018-02-03,303.051044
2018-02-04,326.780028
2018-02-05,337.460883
2018-02-06,320.093643
2018-02-07,316.192208
2018-02-08,318.587141
2018-02-09,311.243801
2018-02-10,303.165868
2018-02-11,318.919775
2018-02-12,330.482574
2018-02-13,318.445405
2018-02-14,309.269954
2018-02-15,307.384594
2018-02-16,308.753553
2018-02-17,315.352215
2018-02-18,336.919919
2018-02-19,340.432452
2018-02-20,325.887866
2018-02-21,331.532037
2018-02-22,335.397735
2018-02-23,322.847083
2018-02-24,312.668576
2018-02-25,340.574594
2018-02-26,354.301601
2018-02-27,340.134463
2018-02-28,319.945935
2018-03-01,318.175725
2018-03-02,307.814339
2018-03-03,301.870813
2018-03-04,335.452295
2018-03-05,341.831429
2018-03-06,315.08751
2018-03-07,313.130565
2018-03-08,310.028113
2018-03-09,289.859166
2018-03-10,278.290649
2018-03-11,302.140207
2018-03-12,314.449106
2018-03-13,300.380973
2018-03-14,311.480543
2018-03-15,301.904526
2018-03-16,286.430007
2018-03-17,278.987674
2018-03-18,298.993282
2018-03-19,308.390176
2018-03-20,294.762447
2018-03-21,295.705015
2018-03-22,294.156473
2018-03-23,283.407906
2018-03-24,277.636125
2018-03-25,290.927648
2018-03-26,305.7174
2018-03-27,296.904147
2018-03-28,288.847105
2018-03-29,283.686209
2018-03-30,282.535832
2018-03-31,274.449811
2018-04-01,290.235106
2018-04-02,311.226037
2018-04-03,303.916252
2018-04-04,298.591311
2018-04-05,287.63031
2018-04-06,284.97775
2018-04-07,283.240634
2018-04-08,304.942114
2018-04-09,318.569836
2018-04-10,307.443314
2018-04-11,308.225636
2018-04-12,316.179856
2018-04-13,301.407702
2018-04-14,284.050367
2018-04-15,318.006849
2018-04-16,325.94103
2018-04-17,302.461259
2018-04-18,300.851394
2018-04-19,293.498562
2018-04-20,283.266082
2018-04-21,270.620673
2018-04-22,287.747733
2018-04-23,302.523229
2018-04-24,300.709165
2018-04-25,309.43799
2018-04-26,297.731622
2018-04-27,290.627627
2018-04-28,274.636558
2018-04-29,298.364306
2018-04-30,317.359841
2018-05-01,302.332775
2018-05-02,295.478029
2018-05-03,296.932606
2018-05-04,290.364467
2018-05-05,280.413461
2018-05-06,288.49159
2018-05-07,305.415124
2018-05-08,301.793366
2018-05-09,295.473432
2018-05-10,299.000581
2018-05-11,281.971857
2018-05-12,277.831417
2018-05-13,290.456275
2018-05-14,304.702511
2018-05-15,306.687543
2018-05-16,308.209927
2018-05-17,297.449473
2018-05-18,288.317718
2018-05-19,301.142295
2018-05-20,312.401975
2018-05-21,318.995937
2018-05-22,307.07948
2018-05-23,297.872016
2018-05-24,287.034865
2018-05-25,278.299135
2018-05-26,269.03241
2018-05-27,281.949241
2018-05-28,297.158649
2018-05-29,302.888534
2018-05-30,286.750058
2018-05-31,284.187593
2018-06-01,277.480389
2018-06-02,269.152267
2018-06-03,281.935112
2018-06-04,291.106579
2018-06-05,285.321854
2018-06-06,281.443215
2018-06-07,286.902527
2018-06-08,283.896205
2018-06-09,273.5198
2018-06-10,286.919419
2018-06-11,293.852873
2018-06-12,282.094871
2018-06-13,282.212165
2018-06-14,277.677281
2018-06-15,266.40177
2018-06-16,255.779378
2018-06-17,285.796606
2018-06-18,309.339458
2018-06-19,304.995086
2018-06-20,296.218099
2018-06-21,289.005332
2018-06-22,285.33823
2018-06-23,281.370491
2018-06-24,293.588861
2018-06-25,300.426336
2018-06-26,290.10237
2018-06-27,288.898505
2018-06-28,284.813519
2018-06-29,275.136103
2018-06-30,278.684286
2018-07-01,288.922269
2018-07-02,294.995964
2018-07-03,295.163624
2018-07-04,292.873103
2018-07-05,289.874444
2018-07-06,282.078704
2018-07-07,284.7883
2018-07-08,293.580187
2018-07-09,291.731396
2018-07-10,296.051811
2018-07-11,287.541963
2018-07-12,283.332697
2018-07-13,279.823107
2018-07-14,279.395138
2018-07-15,306.129597
2018-07-16,302.456135
2018-07-17,289.984376
2018-07-18,284.755133
2018-07-19,281.299747
2018-07-20,268.311706
2018-07-21,263.558899
2018-07-22,280.972889
2018-07-23,286.982166
2018-07-24,280.130057
2018-07-25,281.148385
2018-07-26,277.075683
2018-07-27,271.634161
2018-07-28,264.567774
2018-07-29,285.756063
2018-07-30,303.317837
2018-07-31,288.952484
2018-08-01,290.354486
2018-08-02,284.750411
2018-08-03,274.760313
2018-08-04,270.332124
2018-08-05,284.107533
2018-08-06,294.367026
2018-08-07,286.814035
2018-08-08,279.542903
2018-08-09,277.991413
2018-08-10,269.554027
2018-08-11,262.64931
2018-08-12,281.554094
2018-08-13,286.06993
2018-08-14,283.344778
2018-08-15,282.825544
2018-08-16,279.270864
2018-08-17,274.477509
2018-08-18,267.209646
2018-08-19,284.047472
2018-08-20,291.827118
2018-08-21,281.167698
2018-08-22,286.064599
2018-08-23,274.162518
2018-08-24,270.253617
2018-08-25,270.633073
2018-08-26,285.865947
2018-08-27,295.877748
2018-08-28,285.819305
2018-08-29,290.69066
2018-08-30,287.291261
2018-08-31,278.926573
2018-09-01,272.06547
2018-09-02,282.660914
2018-09-03,304.277941
2018-09-04,304.94169
2018-09-05,290.44073
2018-09-06,291.801845
2018-09-07,282.974226
2018-09-08,276.031888
2018-09-09,288.702628
2018-09-10,297.806996
2018-09-11,291.024633
2018-09-12,281.205973
2018-09-13,277.716539
2018-09-14,271.886389
2018-09-15,268.872042
2018-09-16,285.290091
2018-09-17,296.707124
2018-09-18,293.961973
2018-09-19,281.313491
2018-09-20,281.778126
2018-09-21,271.938267
2018-09-22,267.361066
2018-09-23,283.354623
2018-09-24,290.24173
2018-09-25,283.004414
2018-09-26,283.165597
2018-09-27,276.919559
2018-09-28,265.628552
2018-09-29,258.355412
2018-09-30,282.147397
2018-10-01,289.269499
2018-10-02,290.469087
2018-10-03,284.459016
2018-10-04,280.129094
2018-10-05,277.692407
2018-10-06,272.021248
2018-10-07,288.026231
2018-10-08,299.940591
2018-10-09,293.859902
2018-10-10,286.860083
2018-10-11,285.800144
2018-10-12,280.380852
2018-10-13,268.53958
2018-10-14,284.685831
2018-10-15,295.712252
2018-10-16,289.695633
2018-10-17,291.316826
2018-10-18,283.819972
2018-10-19,273.396522
2018-10-20,269.505366
2018-10-21,287.371208
2018-10-22,296.095252
2018-10-23,295.228128
2018-10-24,299.337487
2018-10-25,301.341205
2018-10-26,288.995979
2018-10-27,278.572902
2018-10-28,295.852468
2018-10-29,312.246326
2018-10-30,301.493042
2018-10-31,294.793967
2018-11-01,291.545744
2018-11-02,288.934783
2018-11-03,279.208162
2018-11-04,296.89559
2018-11-05,300.642235
2018-11-06,291.248365
2018-11-07,287.559232
2018-11-08,283.534413
2018-11-09,278.112436
2018-11-10,280.762568
2018-11-11,298.719614
2018-11-12,311.840608
2018-11-13,304.888146
2018-11-14,293.655735
2018-11-15,288.508339
2018-11-16,277.448557
2018-11-17,270.398024
2018-11-18,290.970297
2018-11-19,297.448433
2018-11-20,287.897209
2018-11-21,283.101863
2018-11-22,275.772158
2018-11-23,267.794535
2018-11-24,274.941316
2018-11-25,287.153095
2018-11-26,297.001431
2018-11-27,291.723162
2018-11-28,291.382759
2018-11-29,288.190014
2018-11-30,269.966843
2018-12-01,269.088426
2018-12-02,287.298366
2018-12-03,304.641822
2018-12-04,296.026024
2018-12-05,300.848478
2018-12-06,295.238944
2018-12-07,293.663071
2018-12-08,302.55109
2018-12-09,326.683576
2018-12-10,327.035252
2018-12-11,315.379081
2018-12-12,306.180622
2018-12-13,305.264218
2018-12-14,295.552567
2018-12-15,282.382981
2018-12-16,300.201682
2018-12-17,316.359069
2018-12-18,304.531426
2018-12-19,297.787847
2018-12-20,290.375221
2018-12-21,279.031864
2018-12-22,278.425628
2018-12-23,286.573018
2018-12-24,291.005363
2018-12-25,294.782918
2018-12-26,300.965583
2018-12-27,305.502149
2018-12-28,301.813241
2018-12-29,304.253038
2018-12-30,314.870934
2018-12-31,302.878752
2019-01-01,312.601914
2019-01-02,326.949126
2019-01-03,321.689932
2019-01-04,315.004706
2019-01-05,317.146245
2019-01-06,333.180513
2019-01-07,342.244202
2019-01-08,325.989103
2019-01-09,315.919084
2019-01-10,312.925738
2019-01-11,308.030855
2019-01-12,311.05653
2019-01-13,323.122651
2019-01-14,331.391099
2019-01-15,325.564204
2019-01-16,318.047667
2019-01-17,313.508051
2019-01-18,317.510491
2019-01-19,312.722503
2019-01-20,334.792619
2019-01-21,334.636932
2019-01-22,326.482854
2019-01-23,317.800016
2019-01-24,313.064861
2019-01-25,299.614641
2019-01-26,296.418351
2019-01-27,311.411312
2019-01-28,312.245328
2019-01-29,303.57621
2019-01-30,301.980279
2019-01-31,298.057463
2019-02-01,294.783075
2019-02-02,285.853494
2019-02-03,310.057169
2019-02-04,322.61545
2019-02-05,300.060739
2019-02-06,294.300632
2019-02-07,288.631271
2019-02-08,292.32207
2019-02-09,284.884431
2019-02-10,312.192081
2019-02-11,330.141112
2019-02-12,305.915685
2019-02-13,297.965818
2019-02-14,290.9883
2019-02-15,287.655062
2019-02-16,287.306444
2019-02-17,302.829694
2019-02-18,311.558582
2019-02-19,305.730692
2019-02-20,299.141565
2019-02-21,295.474037
2019-02-22,290.411544
2019-02-23,286.692736
2019-02-24,300.871332
2019-02-25,333.673377
2019-02-26,307.512767
2019-02-27,299.159532
2019-02-28,291.39926
2019-03-01,281.825337
2019-03-02,281.585931
2019-03-03,302.39529
2019-03-04,313.267372
2019-03-05,296.821448
2019-03-06,291.010985
2019-03-07,287.737182
2019-03-08,277.788475
2019-03-09,283.562895
2019-03-10,305.264624
2019-03-11,308.391562
2019-03-12,296.922945
2019-03-13,289.114675
2019-03-14,292.4895
2019-03-15,279.020392
2019-03-16,279.908459
2019-03-17,303.826168
2019-03-18,310.729591
2019-03-19,293.862326
2019-03-20,290.586417
2019-03-21,291.530778
2019-03-22,286.456158
2019-03-23,285.923076
2019-03-24,302.945936
2019-03-25,303.473804
2019-03-26,290.341417
2019-03-27,293.395068
2019-03-28,294.222265
2019-03-29,278.193916
2019-03-30,280.096985
2019-03-31,296.148294
2019-04-01,304.511763
2019-04-02,290.394867
2019-04-03,293.96306
2019-04-04,297.69132
2019-04-05,288.23804
2019-04-06,279.028391
2019-04-07,296.741026
2019-04-08,315.311592
2019-04-09,313.514699
2019-04-10,304.948408
2019-04-11,306.233152
2019-04-12,301.65
2019-04-13,293.470259
2019-04-14,318.65521
2019-04-15,322.725319
2019-04-16,313.679547
2019-04-17,299.425985
2019-04-18,287.866552
2019-04-19,284.392194
2019-04-20,277.715218
2019-04-21,294.623113
2019-04-22,307.909493
2019-04-23,301.280502
2019-04-24,299.58898
2019-04-25,298.970715
2019-04-26,293.532962
2019-04-27,287.907307
2019-04-28,300.856191
2019-04-29,294.763594
2019-04-30,289.238397
2019-05-01,291.029845
2019-05-02,288.006244
2019-05-03,279.216829
2019-05-04,273.965951
2019-05-05,289.856849
2019-05-06,297.018844
2019-05-07,285.208172
2019-05-08,295.103126
2019-05-09,283.456178
2019-05-10,278.651924
2019-05-11,281.156132
2019-05-12,293.989961
2019-05-13,297.011582
2019-05-14,290.965537
2019-05-15,280.154867
2019-05-16,280.223192
2019-05-17,276.378539
2019-05-18,272.859659
2019-05-19,285.64282
2019-05-20,291.501601
2019-05-21,287.030691
2019-05-22,286.066414
2019-05-23,295.44419
2019-05-24,278.44746
2019-05-25,269.231241
2019-05-26,288.214072
2019-05-27,296.777669
2019-05-28,299.298508
2019-05-29,291.825175
2019-05-30,286.939625
2019-05-31,279.827001
2019-06-01,268.802915
2019-06-02,283.58887
2019-06-03,285.136573
2019-06-04,280.805702
2019-06-05,277.119706
2019-06-06,276.540657
2019-06-07,281.148162
2019-06-08,278.195207
2019-06-09,290.128907
2019-06-10,300.35078
2019-06-11,292.585502
2019-06-12,293.180071
2019-06-13,290.957222
2019-06-14,284.747956
2019-06-15,277.904384
2019-06-16,292.518778
2019-06-17,296.458295
2019-06-18,287.553122
2019-06-19,278.398832
2019-06-20,281.028561
2019-06-21,276.16664
2019-06-22,274.478514
2019-06-23,286.247001
2019-06-24,294.929499
2019-06-25,286.802023
2019-06-26,280.863534
2019-06-27,267.8932
2019-06-28,269.447649
2019-06-29,259.617123
2019-06-30,280.716105
2019-07-01,289.991471
2019-07-02,288.148886
2019-07-03,288.506864
2019-07-04,284.596552
2019-07-05,275.979764
2019-07-06,281.04692
2019-07-07,308.88138
2019-07-08,308.201269
2019-07-09,305.383389
2019-07-10,299.827244
2019-07-11,294.019473
2019-07-12,287.811265
2019-07-13,284.865348
2019-07-14,300.406076
2019-07-15,294.902705
2019-07-16,288.788619
2019-07-17,287.658913
2019-07-18,288.444794
2019-07-19,286.326182
2019-07-20,283.904055
2019-07-21,304.200492
2019-07-22,300.961395
2019-07-23,293.35276
2019-07-24,294.932589
2019-07-25,290.429816
2019-07-26,277.5539
2019-07-27,284.540418
2019-07-28,298.187059
2019-07-29,295.534539
2019-07-30,298.753413
2019-07-31,284.975776
2019-08-01,276.97562
2019-08-02,273.52077
2019-08-03,270.67917
2019-08-04,286.529333
2019-08-05,297.866167
2019-08-06,294.668447
2019-08-07,290.071182
2019-08-08,285.756621
2019-08-09,280.926162
2019-08-10,277.408267
2019-08-11,290.613285
2019-08-12,289.025563
2019-08-13,287.489981
2019-08-14,281.284736
2019-08-15,278.096083
2019-08-16,283.268223
2019-08-17,288.860413
2019-08-18,309.818374
2019-08-19,300.959491
2019-08-20,293.619467
2019-08-21,295.312099
2019-08-22,296.025362
2019-08-23,289.204023
2019-08-24,284.394693
2019-08-25,296.815326
2019-08-26,299.333762
2019-08-27,298.75971
2019-08-28,296.449239
2019-08-29,294.834069
2019-08-30,286.361686
2019-08-31,285.246298
2019-09-01,296.548832
2019-09-02,298.902066
2019-09-03,297.544907
2019-09-04,287.036811
2019-09-05,285.827792
2019-09-06,271.992026
2019-09-07,274.355652
2019-09-08,300.033073
2019-09-09,298.998995
2019-09-10,290.75835
2019-09-11,292.41489
2019-09-12,291.735837
2019-09-13,286.102444
2019-09-14,279.027012
2019-09-15,296.296404
2019-09-16,303.506933
2019-09-17,299.786995
2019-09-18,301.553744
2019-09-19,294.479616
2019-09-20,290.954026
2019-09-21,287.035184
2019-09-22,310.50442
2019-09-23,316.327149
2019-09-24,304.960205
2019-09-25,307.357159
2019-09-26,297.037745
2019-09-27,293.09126
2019-09-28,292.389952
2019-09-29,307.833203
2019-09-30,306.411979
2019-10-01,302.818715
2019-10-02,302.666184
2019-10-03,302.269646
2019-10-04,299.155503
2019-10-05,296.66453
2019-10-06,308.765682
2019-10-07,311.888963
2019-10-08,310.729874
2019-10-09,306.374044
2019-10-10,310.260265
2019-10-11,309.968451
2019-10-12,306.43843
2019-10-13,325.30477
2019-10-14,331.352342
2019-10-15,326.818059
2019-10-16,341.898107
2019-10-17,312.829274
2019-10-18,307.511209
2019-10-19,297.483886
2019-10-20,317.181674
2019-10-21,329.649722
2019-10-22,330.464705
2019-10-23,310.493936
2019-10-24,304.584901
2019-10-25,286.742586
2019-10-26,283.510291
2019-10-27,292.956882
2019-10-28,309.251344
2019-10-29,292.450295
2019-10-30,296.731999
2019-10-31,304.835472
2019-11-01,300.591661
2019-11-02,299.561467
2019-11-03,311.948968
2019-11-04,320.014368
2019-11-05,311.421633
2019-11-06,301.649576
2019-11-07,305.465343
2019-11-08,299.197111
2019-11-09,296.475357
2019-11-10,305.987406
2019-11-11,320.408583
2019-11-12,327.904948
2019-11-13,321.95897
2019-11-14,312.676538
2019-11-15,299.620332
2019-11-16,296.282247
2019-11-17,315.037556
2019-11-18,314.104544
2019-11-19,321.095614
2019-11-20,318.92793
2019-11-21,302.992815
2019-11-22,299.095167
2019-11-23,296.011146
2019-11-24,323.789877
2019-11-25,333.915692
2019-11-26,308.759714
2019-11-27,301.057402
2019-11-28,294.147011
2019-11-29,290.003114
2019-11-30,301.478838
2019-12-01,318.451733
2019-12-02,310.129265
2019-12-03,317.285266
2019-12-04,311.102117
2019-12-05,300.014209
2019-12-06,290.645719
2019-12-07,293.641577
2019-12-08,309.244196
2019-12-09,317.219599
2019-12-10,306.071509
2019-12-11,315.019913
2019-12-12,297.251931
2019-12-13,294.513879
2019-12-14,295.495321
2019-12-15,311.94345
2019-12-16,312.705415
2019-12-17,328.855629
2019-12-18,331.853139
2019-12-19,305.998607
2019-12-20,290.614823
2019-12-21,289.387001
2019-12-22,303.268686
2019-12-23,299.17568
2019-12-24,284.88043
2019-12-25,281.333834
2019-12-26,290.633895
2019-12-27,296.54731
2019-12-28,298.960227
2019-12-29,309.414913
2019-12-30,321.844883
2019-12-31,287.639064
2020-01-01,301.607319
2020-01-02,317.180685
2020-01-03,317.13236
2020-01-04,317.763166
2020-01-05,336.518174
2020-01-06,339.156212
2020-01-07,326.393482
2020-01-08,314.370583
2020-01-09,314.445982
2020-01-10,316.619346
2020-01-11,315.780645
2020-01-12,332.584291
2020-01-13,333.259609
2020-01-14,330.552462
2020-01-15,320.69566
2020-01-16,320.678334
2020-01-17,309.863416
2020-01-18,306.078279
2020-01-19,330.162376
2020-01-20,334.43058
2020-01-21,317.784272
2020-01-22,317.090826
2020-01-23,312.337635
2020-01-24,309.102373
2020-01-25,305.867025
2020-01-26,323.337725
2020-01-27,338.737556
2020-01-28,321.380281
2020-01-29,309.700994
2020-01-30,307.379686
2020-01-31,297.766535
2020-02-01,291.398979
2020-02-02,310.768149
2020-02-03,319.710638
2020-02-04,311.981999
2020-02-05,318.619483
2020-02-06,312.004552
2020-02-07,303.515886
2020-02-08,323.249419
2020-02-09,326.460121
2020-02-10,339.969953
2020-02-11,314.033484
2020-02-12,310.624271
2020-02-13,305.075023
2020-02-14,300.335647
2020-02-15,305.581585
2020-02-16,325.281635
2020-02-17,321.693764
2020-02-18,317.235032
2020-02-19,313.174467
2020-02-20,309.759357
2020-02-21,296.441193
2020-02-22,296.866306
2020-02-23,314.144249
2020-02-24,312.210556
2020-02-25,304.690441
2020-02-26,300.630011
2020-02-27,301.758893
2020-02-28,293.026603
2020-02-29,295.200965
2020-03-01,318.856731
2020-03-02,310.34811
2020-03-03,307.484816
2020-03-04,304.43165
2020-03-05,301.752304
2020-03-06,298.164587
2020-03-07,289.651461
2020-03-08,309.208029
2020-03-09,310.713053
2020-03-10,304.132367
2020-03-11,300.053858
2020-03-12,287.860709
2020-03-13,278.904252
2020-03-14,287.563627
2020-03-15,307.431226
2020-03-16,287.583759
2020-03-17,284.529003
2020-03-18,287.969083
2020-03-19,293.991687
2020-03-20,303.001687
2020-03-21,316.944483
2020-03-22,330.058752
2020-03-23,314.767056
2020-03-24,322.49938
2020-03-25,322.034836
2020-03-26,329.052739
2020-03-27,331.781862
2020-03-28,343.158521
2020-03-29,366.672604
2020-03-30,346.538299
2020-03-31,339.639055
2020-04-01,345.036778
2020-04-02,363.572164
2020-04-03,362.382283
2020-04-04,377.694714
2020-04-05,386.67876
2020-04-06,372.673683
2020-04-07,358.725797
2020-04-08,361.540096
2020-04-09,373.888317
2020-04-10,387.365535
2020-04-11,374.787811
2020-04-12,389.832466
2020-04-13,386.713177
2020-04-14,370.467129
2020-04-15,360.801393
2020-04-16,363.517985
2020-04-17,370.56647
2020-04-18,384.117144
2020-04-19,392.097332
2020-04-20,383.872298
2020-04-21,380.040469
2020-04-22,376.834595
2020-04-23,373.714228
2020-04-24,369.577352
2020-04-25,380.578938
2020-04-26,400.173009
2020-04-27,390.498991
2020-04-28,377.01824
2020-04-29,384.315863
2020-04-30,382.262497
2020-05-01,366.093368
2020-05-02,378.095335
2020-05-03,389.058822
2020-05-04,375.907168
2020-05-05,372.819343
2020-05-06,367.263558
2020-05-07,358.007361
2020-05-08,355.508228
2020-05-09,369.805146
2020-05-10,374.658096
2020-05-11,361.839912
2020-05-12,356.295399
2020-05-13,351.381993
2020-05-14,351.628007
2020-05-15,344.495323
2020-05-16,344.778221
2020-05-17,359.215559
2020-05-18,356.467834
2020-05-19,348.285397
2020-05-20,343.957885
2020-05-21,335.156968
2020-05-22,332.556996
2020-05-23,347.351011
2020-05-24,344.62584
2020-05-25,350.184433
2020-05-26,343.25963
2020-05-27,339.741259
2020-05-28,333.188866
2020-05-29,325.48516
2020-05-30,329.77976
2020-05-31,341.499973
2020-06-01,328.808773
2020-06-02,327.595575
2020-06-03,325.019889
2020-06-04,326.191687
2020-06-05,321.382287
2020-06-06,325.274332
2020-06-07,346.411414
2020-06-08,337.642371
2020-06-09,329.874515
2020-06-10,331.654381
2020-06-11,330.444012
2020-06-12,323.395733
2020-06-13,316.805801
2020-06-14,335.378851
2020-06-15,325.345291
2020-06-16,324.456791
2020-06-17,317.637783
2020-06-18,318.076624
2020-06-19,315.155655
2020-06-20,315.36508
2020-06-21,324.829153
2020-06-22,318.668474
2020-06-23,307.362199
2020-06-24,304.843975
2020-06-25,301.669575
2020-06-26,298.098618
2020-06-27,312.031192
2020-06-28,321.602866
2020-06-29,315.418728
2020-06-30,306.232246
2020-07-01,301.567444
2020-07-02,304.616009
2020-07-03,303.296129
2020-07-04,324.983901
2020-07-05,325.3623
2020-07-06,322.556817
2020-07-07,315.431586
2020-07-08,315.376829
2020-07-09,314.674268
2020-07-10,308.037079
2020-07-11,317.531346
2020-07-12,321.909509
2020-07-13,325.405783
2020-07-14,314.638513
2020-07-15,306.725849
2020-07-16,307.161161
2020-07-17,314.789174
2020-07-18,318.465022
2020-07-19,328.088707
2020-07-20,318.61139
2020-07-21,312.013356
2020-07-22,306.766065
2020-07-23,307.694204
2020-07-24,304.069906
2020-07-25,314.413358
2020-07-26,329.225053
2020-07-27,321.018133
2020-07-28,312.505368
2020-07-29,305.078014
2020-07-30,302.200188
2020-07-31,293.093582
2020-08-01,298.558746
2020-08-02,316.923236
2020-08-03,301.642936
2020-08-04,301.673561
2020-08-05,305.141101
2020-08-06,296.871668
2020-08-07,288.189222
2020-08-08,291.691744
2020-08-09,315.01956
2020-08-10,309.838462
2020-08-11,306.248503
2020-08-12,307.22569
2020-08-13,302.517914
2020-08-14,304.060771
2020-08-15,306.757386
2020-08-16,320.0327
2020-08-17,307.3736
2020-08-18,301.948372
2020-08-19,304.177572
2020-08-20,302.521436
2020-08-21,301.71094
2020-08-22,301.519025
2020-08-23,319.72998
2020-08-24,310.803675
2020-08-25,307.644892
2020-08-26,304.089116
2020-08-27,303.31772
2020-08-28,298.830818
2020-08-29,314.457197
2020-08-30,310.782652
2020-08-31,307.268207
2020-09-01,292.993516
2020-09-02,299.833922
2020-09-03,297.95282
2020-09-04,289.423501
2020-09-05,292.078401
2020-09-06,309.9592
2020-09-07,315.481158
2020-09-08,306.227994
2020-09-09,305.371203
2020-09-10,304.301247
2020-09-11,310.774573
2020-09-12,309.687449
2020-09-13,325.471427
2020-09-14,325.58876
2020-09-15,315.608413
2020-09-16,316.113986
2020-09-17,305.852936
2020-09-18,298.01936
2020-09-19,308.511956
2020-09-20,322.679191
2020-09-21,328.858688
2020-09-22,316.31533
2020-09-23,318.656776
2020-09-24,310.233776
2020-09-25,300.95363
2020-09-26,305.326009
2020-09-27,320.530845
2020-09-28,314.370902
2020-09-29,308.435585
2020-09-30,302.71004
2020-10-01,297.491705
2020-10-02,294.092738
2020-10-03,295.968913
2020-10-04,310.988409
2020-10-05,314.390414
2020-10-06,319.234554
2020-10-07,326.01939
2020-10-08,322.445182
2020-10-09,314.556187
2020-10-10,314.649225
2020-10-11,327.725466
2020-10-12,339.256168
2020-10-13,319.484413
2020-10-14,320.591226
2020-10-15,322.141669
2020-10-16,317.367327
2020-10-17,313.88619
2020-10-18,324.634153
2020-10-19,329.24543
2020-10-20,317.950422
2020-10-21,319.548655
2020-10-22,317.721073
2020-10-23,303.703654
2020-10-24,317.203875
2020-10-25,326.050816
2020-10-26,326.21826
2020-10-27,326.311806
2020-10-28,325.31217
2020-10-29,319.959819
2020-10-30,313.238534
2020-10-31,310.265432
2020-11-01,324.06394
2020-11-02,332.246069
2020-11-03,331.863648
2020-11-04,354.845527
2020-11-05,333.531657
2020-11-06,328.316042
2020-11-07,339.56866
2020-11-08,367.480152
2020-11-09,344.279866
2020-11-10,339.643355
2020-11-11,339.742773
2020-11-12,337.39292
2020-11-13,322.19196
2020-11-14,318.546217
2020-11-15,342.60354
2020-11-16,336.724255
2020-11-17,333.541208
2020-11-18,334.607969
2020-11-19,335.330496
2020-11-20,326.58605
2020-11-21,327.071395
2020-11-22,342.718527
2020-11-23,338.098401
2020-11-24,323.615229
2020-11-25,324.413478
2020-11-26,319.252872
2020-11-27,312.104388
2020-11-28,322.97659
2020-11-29,336.862988
2020-11-30,329.125568
2020-12-01,314.633169
2020-12-02,314.376703
2020-12-03,316.400721
2020-12-04,310.451153
2020-12-05,319.531433
2020-12-06,335.022634
2020-12-07,331.909421
2020-12-08,322.846018
2020-12-09,320.147288
2020-12-10,315.496668
2020-12-11,316.247427
2020-12-12,321.650014
2020-12-13,336.655524
2020-12-14,338.90517
2020-12-15,318.706155
2020-12-16,326.584857
2020-12-17,308.614514
2020-12-18,306.301192
2020-12-19,305.222076
2020-12-20,320.764286
2020-12-21,308.419905
2020-12-22,305.163975
2020-12-23,300.152536
2020-12-24,292.411425
2020-12-25,296.889167
2020-12-26,319.552715
2020-12-27,335.627774
2020-12-28,329.61643
2020-12-29,324.995439
2020-12-30,319.973683
2020-12-31,303.485802
2021-01-01,320.916982
2021-01-02,342.942096
2021-01-03,348.913976
2021-01-04,335.991143
2021-01-05,331.791204
2021-01-06,331.5602
2021-01-07,328.94986
2021-01-08,326.41122
2021-01-09,335.779438
2021-01-10,350.059568
2021-01-11,342.930347
2021-01-12,337.88124
2021-01-13,335.589992
2021-01-14,333.170355
2021-01-15,321.946195
2021-01-16,326.957646
2021-01-17,342.396882
2021-01-18,339.872367
2021-01-19,330.336727
2021-01-20,344.2832
2021-01-21,331.508596
2021-01-22,323.469988
2021-01-23,327.85111
2021-01-24,347.360633
2021-01-25,336.760332
2021-01-26,331.77666
2021-01-27,330.370457
2021-01-28,322.536174
2021-01-29,318.312428
2021-01-30,326.517038
2021-01-31,339.22742
2021-02-01,340.579862
2021-02-02,327.733774
2021-02-03,335.044562
2021-02-04,326.653859
2021-02-05,319.121401
2021-02-06,325.072702
2021-02-07,342.989898
2021-02-08,340.416749
2021-02-09,323.356858
2021-02-10,317.182967
2021-02-11,322.595434
2021-02-12,318.765255
2021-02-13,325.742587
2021-02-14,342.112736
2021-02-15,335.088757
2021-02-16,328.079385
2021-02-17,331.114729
2021-02-18,332.988685
2021-02-19,335.40168
2021-02-20,330.006919
2021-02-21,347.175839
2021-02-22,345.509691
2021-02-23,336.745521
2021-02-24,337.037139
2021-02-25,334.473546
2021-02-26,318.744471
2021-02-27,319.737168
2021-02-28,338.492349
2021-03-01,341.604678
2021-03-02,328.234939
2021-03-03,320.481151
2021-03-04,317.720859
2021-03-05,317.162671
2021-03-06,317.560595
2021-03-07,336.255281
2021-03-08,333.686595
2021-03-09,322.586627
2021-03-10,323.383823
2021-03-11,320.553529
2021-03-12,309.97756
2021-03-13,316.31455
2021-03-14,341.662279
2021-03-15,337.079848
2021-03-16,319.980306
2021-03-17,317.696171
2021-03-18,317.65517
2021-03-19,314.673791
2021-03-20,311.791462
2021-03-21,320.891857
2021-03-22,318.383954
2021-03-23,314.508184
2021-03-24,321.701621
2021-03-25,326.361792
2021-03-26,313.623533
2021-03-27,316.74566
2021-03-28,342.674241
2021-03-29,327.962787
2021-03-30,312.580732
2021-03-31,314.485844
2021-04-01,314.696144
2021-04-02,317.579547
2021-04-03,325.145429
2021-04-04,326.952313
2021-04-05,337.809201
2021-04-06,326.203486
2021-04-07,321.216765
2021-04-08,319.668832
2021-04-09,330.827484
2021-04-10,328.963627
2021-04-11,339.761794
2021-04-12,331.28087
2021-04-13,323.038101
2021-04-14,320.909029
2021-04-15,316.579453
2021-04-16,315.708497
2021-04-17,327.800661
2021-04-18,336.864743
2021-04-19,328.021462
2021-04-20,324.776428
2021-04-21,319.103474
2021-04-22,317.510339
2021-04-23,313.482177
2021-04-24,314.990803
2021-04-25,332.072626
2021-04-26,334.959234
2021-04-27,315.573926
2021-04-28,313.908861
2021-04-29,310.831049
2021-04-30,305.879778
2021-05-01,310.074207
2021-05-02,321.427226
2021-05-03,329.518899
2021-05-04,316.453482
2021-05-05,316.305362
2021-05-06,311.700007
2021-05-07,310.059042
2021-05-08,311.722273
2021-05-09,322.400956
2021-05-10,327.672044
2021-05-11,321.23218
2021-05-12,318.785676
2021-05-13,310.706076
2021-05-14,314.803798
2021-05-15,309.764095
2021-05-16,326.233236
2021-05-17,328.904892
2021-05-18,320.306743
2021-05-19,309.904967
2021-05-20,311.921932
2021-05-21,305.70139
2021-05-22,305.456576
2021-05-23,334.565836
2021-05-24,331.728808
2021-05-25,321.960612
2021-05-26,320.438194
2021-05-27,317.758091
2021-05-28,313.760955
2021-05-29,321.560628
2021-05-30,327.107038
2021-05-31,321.098013
2021-06-01,316.004515
2021-06-02,319.181211
2021-06-03,311.290159
2021-06-04,303.261685
2021-06-05,289.61865
2021-06-06,309.609402
2021-06-07,315.046421
2021-06-08,302.029278
2021-06-09,301.182357
2021-06-10,299.566034
2021-06-11,295.146233
2021-06-12,292.573132
2021-06-13,304.191512
2021-06-14,304.234855
2021-06-15,293.822377
2021-06-16,289.955735
2021-06-17,303.896926
2021-06-18,290.801957
2021-06-19,292.129254
2021-06-20,300.519918
2021-06-21,300.304853
2021-06-22,294.117399
2021-06-23,295.340368
2021-06-24,294.557545
2021-06-25,289.140853
2021-06-26,292.109164
2021-06-27,307.247279
2021-06-28,310.044814
2021-06-29,314.337264
2021-06-30,316.834474
2021-07-01,325.657505
2021-07-02,315.59065
2021-07-03,321.193498
2021-07-04,326.276552
2021-07-05,330.929285
2021-07-06,333.600269
2021-07-07,338.11721
2021-07-08,317.444763
2021-07-09,305.267364
2021-07-10,296.026188
2021-07-11,329.266188
2021-07-12,321.191635
2021-07-13,313.264683
2021-07-14,310.744358
2021-07-15,310.570389
2021-07-16,304.892647
2021-07-17,307.335303
2021-07-18,319.047647
2021-07-19,314.126138
2021-07-20,313.599233
2021-07-21,307.130157
2021-07-22,315.73439
2021-07-23,324.278081
2021-07-24,315.454719
2021-07-25,328.157219
2021-07-26,325.222226
2021-07-27,319.207475
2021-07-28,313.02578
2021-07-29,313.957121
2021-07-30,315.764037
2021-07-31,318.625355
2021-08-01,333.144561
2021-08-02,320.570013
2021-08-03,312.812429
2021-08-04,312.665692
2021-08-05,313.922147
2021-08-06,308.158272
2021-08-07,319.242436
2021-08-08,332.396017
2021-08-09,302.469142
2021-08-10,309.962748
2021-08-11,312.892036
2021-08-12,311.573083
2021-08-13,309.491447
2021-08-14,305.749004
2021-08-15,320.598768
2021-08-16,319.864252
2021-08-17,316.651558
2021-08-18,310.059524
2021-08-19,313.459563
2021-08-20,312.361291
2021-08-21,306.628644
2021-08-22,315.294411
2021-08-23,312.569778
2021-08-24,314.925772
2021-08-25,310.295229
2021-08-26,307.681301
2021-08-27,307.185802
2021-08-28,305.717359
2021-08-29,321.118926
2021-08-30,323.969656
2021-08-31,321.829469
2021-09-01,306.837186
2021-09-02,305.119537
2021-09-03,298.477284
2021-09-04,302.556145
2021-09-05,314.080179
2021-09-06,321.4163
2021-09-07,316.984419
2021-09-08,312.720017
2021-09-09,310.368096
2021-09-10,300.831923
2021-09-11,306.804077
2021-09-12,319.804295
2021-09-13,317.94237
2021-09-14,329.198849
2021-09-15,345.324904
2021-09-16,318.327567
2021-09-17,313.279064
2021-09-18,303.936316
2021-09-19,314.462163
2021-09-20,315.643134
2021-09-21,308.207929
2021-09-22,296.794118
2021-09-23,290.003452
2021-09-24,287.103536
2021-09-25,289.728153
2021-09-26,298.044169
2021-09-27,300.021109
2021-09-28,294.765522
2021-09-29,290.04658
2021-09-30,288.676379
2021-10-01,282.573759
2021-10-02,289.569615
2021-10-03,311.51369
2021-10-04,307.627683
2021-10-05,298.806068
2021-10-06,295.299885
2021-10-07,289.187177
2021-10-08,285.536374
2021-10-09,288.356987
2021-10-10,305.196097
2021-10-11,303.264244
2021-10-12,293.423279
2021-10-13,291.815733
2021-10-14,296.342415
2021-10-15,294.466931
2021-10-16,290.803319
2021-10-17,304.515842
2021-10-18,307.88004
2021-10-19,293.350841
2021-10-20,290.024933
2021-10-21,290.061283
2021-10-22,285.789454
2021-10-23,285.545557
2021-10-24,298.434372
2021-10-25,306.969548
2021-10-26,302.401224
2021-10-27,300.752618
2021-10-28,296.412615
2021-10-29,295.073539
2021-10-30,288.224837
2021-10-31,299.045244
2021-11-01,299.159759
2021-11-02,304.707081
2021-11-03,292.139826
2021-11-04,284.922743
2021-11-05,281.292182
2021-11-06,276.604923
2021-11-07,297.574926
2021-11-08,295.989931
2021-11-09,298.594477
2021-11-10,287.301336
2021-11-11,288.235658
2021-11-12,283.859793
2021-11-13,287.04484
2021-11-14,304.855123
2021-11-15,304.107156
2021-11-16,288.578229
2021-11-17,291.237326
2021-11-18,291.538066
2021-11-19,277.398197
2021-11-20,275.038923
2021-11-21,291.316483
2021-11-22,289.021524
2021-11-23,282.756044
2021-11-24,279.652336
2021-11-25,276.586801
2021-11-26,272.844272
2021-11-27,283.460496
2021-11-28,298.083087
2021-11-29,294.986202
2021-11-30,289.19579
2021-12-01,283.421719
2021-12-02,280.178562
2021-12-03,276.868051
2021-12-04,279.427129
2021-12-05,297.187911
2021-12-06,294.434315
2021-12-07,289.098851
2021-12-08,289.178402
2021-12-09,283.888844
2021-12-10,278.682034
2021-12-11,274.324672
2021-12-12,290.512145
2021-12-13,291.548149
2021-12-14,282.605691
2021-12-15,284.506928
2021-12-16,276.710879
2021-12-17,270.207835
2021-12-18,270.672136
2021-12-19,287.783245
2021-12-20,283.736768
2021-12-21,271.438349
2021-12-22,273.133636
2021-12-23,265.038764
2021-12-24,262.739827
2021-12-25,272.649514
2021-12-26,290.816285
2021-12-27,295.275969
2021-12-28,294.884836
2021-12-29,299.279451
2021-12-30,291.52961
2021-12-31,279.313198
2022-01-01,309.400637
2022-01-02,323.259792
2022-01-03,313.27214
2022-01-04,301.076635
2022-01-05,300.782348
2022-01-06,300.675836
2022-01-07,305.278353
2022-01-08,313.546646
2022-01-09,325.346285
2022-01-10,317.62941
2022-01-11,308.187335
2022-01-12,303.892072
2022-01-13,301.948931
2022-01-14,299.883517
2022-01-15,302.497911
2022-01-16,317.886776
2022-01-17,309.919796
2022-01-18,305.038495
2022-01-19,300.430996
2022-01-20,310.89088
2022-01-21,309.900497
2022-01-22,307.445718
2022-01-23,323.306676
2022-01-24,313.258087
2022-01-25,307.088936
2022-01-26,307.505498
2022-01-27,316.590066
2022-01-28,318.078314
2022-01-29,325.150175
2022-01-30,343.780904
2022-01-31,333.795051
2022-02-01,315.536583
2022-02-02,316.903382
2022-02-03,318.730082
2022-02-04,318.769596
2022-02-05,320.38827
2022-02-06,336.22648
2022-02-07,331.738296
2022-02-08,328.224186
2022-02-09,321.455909
2022-02-10,317.131054
2022-02-11,309.440665
2022-02-12,317.420636
2022-02-13,352.323653
2022-02-14,335.249462
2022-02-15,315.300811
2022-02-16,316.362812
2022-02-17,307.475327
2022-02-18,305.570045
2022-02-19,311.406125
2022-02-20,327.439242
2022-02-21,329.559722
2022-02-22,322.336965
2022-02-23,322.661304
2022-02-24,326.078564
2022-02-25,334.180968
2022-02-26,322.249506
2022-02-27,336.522379
2022-02-28,331.156878
2022-03-01,315.888251
2022-03-02,311.694635
2022-03-03,311.688435
2022-03-04,301.302559
2022-03-05,301.123678
2022-03-06,314.369642
2022-03-07,312.682876
2022-03-08,302.882411
2022-03-09,304.899225
2022-03-10,307.16028
2022-03-11,297.91652
2022-03-12,301.97053
2022-03-13,321.118983
2022-03-14,318.256162
2022-03-15,304.632278
2022-03-16,303.541737
2022-03-17,295.298514
2022-03-18,288.411451
2022-03-19,293.497513
2022-03-20,307.519211
2022-03-21,307.556624
2022-03-22,301.509519
2022-03-23,308.032974
2022-03-24,307.096139
2022-03-25,293.200423
2022-03-26,295.03244
2022-03-27,309.85592
2022-03-28,320.025548
2022-03-29,304.911804
2022-03-30,305.956436
2022-03-31,296.517187
2022-04-01,297.730263
2022-04-02,289.615432
2022-04-03,311.801636
2022-04-04,314.94702
2022-04-05,313.858626
2022-04-06,315.655302
2022-04-07,301.69415
2022-04-08,291.477951
2022-04-09,293.80907
2022-04-10,315.857166
2022-04-11,307.284997
2022-04-12,324.115862
2022-04-13,296.955387
2022-04-14,297.332483
2022-04-15,298.924384
2022-04-16,297.955074
2022-04-17,312.307868
2022-04-18,313.311858
2022-04-19,315.348815
2022-04-20,304.262118
2022-04-21,310.525948
2022-04-22,290.855807
2022-04-23,287.680942
2022-04-24,303.940947
2022-04-25,309.771605
2022-04-26,299.059112
2022-04-27,297.242537
2022-04-28,302.13312
2022-04-29,285.148477
2022-04-30,282.577119
